URN,town,county,year,att8_score
138758,Norwich,NORFOLK,2021-2022,47.9
135066,Norwich,NORFOLK,2021-2022,7.1
145089,Wells-next-the-Sea,NORFOLK,2021-2022,41.7
121250,Norwich,NORFOLK,2021-2022,17.1
146059,Harleston,NORFOLK,2021-2022,47.3
140534,Attleborough,NORFOLK,2021-2022,47.3
121229,NA,NORFOLK,2021-2022,4.3
121164,Norwich,NORFOLK,2021-2022,52.4
146063,Norwich,NORFOLK,2021-2022,52.5
141331,Great Yarmouth,NORFOLK,2021-2022,46.4
135904,Norwich,NORFOLK,2021-2022,35.4
141269,Norwich,NORFOLK,2021-2022,48.6
140364,Great Yarmouth,NORFOLK,2021-2022,38.4
137431,Cromer,NORFOLK,2021-2022,52.4
144316,Dereham,NORFOLK,2021-2022,52.8
137092,Diss,NORFOLK,2021-2022,48.3
145196,Downham Market,NORFOLK,2021-2022,46.9
139572,Fakenham,NORFOLK,2021-2022,41.9
145501,Great Yarmouth,NORFOLK,2021-2022,49.9
145776,Norwich,NORFOLK,2021-2022,56.4
135859,Norwich,NORFOLK,2021-2022,4
142883,Great Yarmouth,NORFOLK,2021-2022,44.9
121222,NA,NORFOLK,2021-2022,37
138039,Norwich,NORFOLK,2021-2022,42.5
140188,Norwich,NORFOLK,2021-2022,59.3
142059,Norwich,NORFOLK,2021-2022,34.6
139311,Norwich,NORFOLK,2021-2022,46.8
139058,Thetford,NORFOLK,2021-2022,40.6
134440,Norfolk,NORFOLK,2021-2022,3.6
140815,Norwich,NORFOLK,2021-2022,49.9
148826,King's Lynn,NORFOLK,2021-2022,39.3
136202,King's Lynn,NORFOLK,2021-2022,39.6
121224,Norfolk,NORFOLK,2021-2022,44
146237,King's Lynn,NORFOLK,2021-2022,52.4
144018,Norwich,NORFOLK,2021-2022,55.2
137541,Great Yarmouth,NORFOLK,2021-2022,49.7
142396,Wisbech,NORFOLK,2021-2022,47.2
138918,Swaffham,NORFOLK,2021-2022,41.9
147505,North Walsham,NORFOLK,2021-2022,51.1
141268,Dereham,NORFOLK,2021-2022,44.9
121241,NA,NORFOLK,2021-2022,24.3
121242,Norwich,NORFOLK,2021-2022,12.9
137913,Norwich,NORFOLK,2021-2022,61
146144,Attleborough,NORFOLK,2021-2022,47.5
134455,Swaffham,NORFOLK,2021-2022,57.9
135650,Norwich,NORFOLK,2021-2022,42
136187,Gorleston,NORFOLK,2021-2022,50
136186,Norwich,NORFOLK,2021-2022,46.4
135250,Norwich,NORFOLK,2021-2022,26.9
138829,Norwich,NORFOLK,2021-2022,46.1
140557,King's Lynn,NORFOLK,2021-2022,46.6
142058,Norwich,NORFOLK,2021-2022,40
121246,Thetford,NORFOLK,2021-2022,4
137621,Sheringham,NORFOLK,2021-2022,48.5
143520,Hunstanton,NORFOLK,2021-2022,41.1
136515,King's Lynn,NORFOLK,2021-2022,47
144359,Norwich,NORFOLK,2021-2022,43.5
141395,Norwich,NORFOLK,2021-2022,44.4
139487,Norwich,NORFOLK,2021-2022,48.6
136204,Thetford,NORFOLK,2021-2022,44.4
121245,Thetford,NORFOLK,2021-2022,47.4
143278,Norwich,NORFOLK,2021-2022,51.1
141086,Norwich,NORFOLK,2021-2022,41.8
137949,Thetford,NORFOLK,2021-2022,49.9
138138,Terrington St Clement,NORFOLK,2021-2022,6
144769,Norwich,NORFOLK,2021-2022,16
136481,Wymondham,NORFOLK,2021-2022,58.3
137461,Wymondham,NORFOLK,2021-2022,54.9
141236,Leiston,SUFFOLK,2021-2022,44.9
137459,Lowestoft,SUFFOLK,2021-2022,1.1
142759,Lowestoft,SUFFOLK,2021-2022,48.7
124879,Halesworth,SUFFOLK,2021-2022,9.2
138250,Brandon,SUFFOLK,2021-2022,44.6
124893,Bury St Edmunds,SUFFOLK,2021-2022,5.3
136998,Bungay,SUFFOLK,2021-2022,47.1
136990,Bury St Edmunds,SUFFOLK,2021-2022,49.9
138162,Haverhill,SUFFOLK,2021-2022,41.6
124890,Ipswich,SUFFOLK,2021-2022,26.3
138373,Ipswich,SUFFOLK,2021-2022,37.4
139732,Haverhill,SUFFOLK,2021-2022,31.5
144214,Ipswich,SUFFOLK,2021-2022,50
136827,Ipswich,SUFFOLK,2021-2022,53.7
124886,Culford,SUFFOLK,2021-2022,29.9
136416,Stowmarket,SUFFOLK,2021-2022,55.9
137218,Colchester,SUFFOLK,2021-2022,48.2
137134,Lowestoft,SUFFOLK,2021-2022,43
144765,Lowestoft,SUFFOLK,2021-2022,1.1
136834,Woodbridge,SUFFOLK,2021-2022,50.8
124899,Felixstowe,SUFFOLK,2021-2022,7.3
137321,Felixstowe,SUFFOLK,2021-2022,44.5
124892,Stowmarket,SUFFOLK,2021-2022,38.8
124884,Woodbridge,SUFFOLK,2021-2022,43.8
130855,Hitcham,SUFFOLK,2021-2022,8
136918,Ipswich,SUFFOLK,2021-2022,47.8
136271,Eye,SUFFOLK,2021-2022,56.8
137208,Ipswich,SUFFOLK,2021-2022,44.4
136453,Ipswich,SUFFOLK,2021-2022,44.1
124888,NA,SUFFOLK,2021-2022,46.6
124881,Ipswich,SUFFOLK,2021-2022,37.2
136969,Ipswich,SUFFOLK,2021-2022,52.8
124856,Bury St Edmunds,SUFFOLK,2021-2022,49.7
139867,Mildenhall,SUFFOLK,2021-2022,42.1
146332,Ipswich,SUFFOLK,2021-2022,14.5
140669,Newmarket,SUFFOLK,2021-2022,43.5
124840,Ipswich,SUFFOLK,2021-2022,50.7
127003,Mildenhall,SUFFOLK,2021-2022,7
134480,Colchester,SUFFOLK,2021-2022,60.7
139403,Lowestoft,SUFFOLK,2021-2022,43.3
137674,Ipswich,SUFFOLK,2021-2022,42.7
138506,Sudbury,SUFFOLK,2021-2022,40.1
146909,Lowestoft,SUFFOLK,2021-2022,40.1
137433,Bury St Edmunds,SUFFOLK,2021-2022,0
124889,Ipswich,SUFFOLK,2021-2022,58.8
143911,Sudbury,SUFFOLK,2021-2022,4.3
137849,Ipswich,SUFFOLK,2021-2022,51.1
124861,Bury St Edmunds,SUFFOLK,2021-2022,52.3
124868,Southwold,SUFFOLK,2021-2022,56.1
124883,Ipswich,SUFFOLK,2021-2022,50.6
136322,Haverhill,SUFFOLK,2021-2022,49.2
138274,Beccles,SUFFOLK,2021-2022,38.9
140047,Ixworth,SUFFOLK,2021-2022,42.5
138273,Saxmundham,SUFFOLK,2021-2022,36.9
137055,Beccles,SUFFOLK,2021-2022,48.8
124865,Sudbury,SUFFOLK,2021-2022,29.4
140032,Ipswich,SUFFOLK,2021-2022,38.2
141407,Ipswich,SUFFOLK,2021-2022,0.4
136757,Sudbury,SUFFOLK,2021-2022,52.2
145055,Stowmarket,SUFFOLK,2021-2022,44.4
143362,Stowmarket,SUFFOLK,2021-2022,46.3
137901,Eye,SUFFOLK,2021-2022,55
124870,Leiston,SUFFOLK,2021-2022,18.2
140969,Bury St. Edmunds,SUFFOLK,2021-2022,54.4
141639,Sudbury,SUFFOLK,2021-2022,49.1
136782,Woodbridge,SUFFOLK,2021-2022,49.7
124802,Bury St Edmunds,SUFFOLK,2021-2022,48
139288,Ipswich,SUFFOLK,2021-2022,45.3
148058,Suffolk,SUFFOLK,2021-2022,11
124887,Woodbridge,SUFFOLK,2021-2022,39.6
138758,Norwich,NORFOLK,2022-2023,45
135066,Norwich,NORFOLK,2022-2023,8.3
145089,Wells-next-the-Sea,NORFOLK,2022-2023,39.8
121250,Norwich,NORFOLK,2022-2023,18.1
140534,Attleborough,NORFOLK,2022-2023,45.9
121229,NA,NORFOLK,2022-2023,4.3
121164,Norwich,NORFOLK,2022-2023,52.3
146063,Norwich,NORFOLK,2022-2023,49
141331,Great Yarmouth,NORFOLK,2022-2023,42.6
135904,Norwich,NORFOLK,2022-2023,34
141269,Norwich,NORFOLK,2022-2023,50.6
140364,Great Yarmouth,NORFOLK,2022-2023,36.8
137431,Cromer,NORFOLK,2022-2023,48.4
144316,Dereham,NORFOLK,2022-2023,47.6
137092,Diss,NORFOLK,2022-2023,45.4
145196,Downham Market,NORFOLK,2022-2023,40.5
139099,Norwich,NORFOLK,2022-2023,7.4
139572,Fakenham,NORFOLK,2022-2023,38.2
145501,Great Yarmouth,NORFOLK,2022-2023,45
145776,Norwich,NORFOLK,2022-2023,51.4
135859,Norwich,NORFOLK,2022-2023,5.8
142883,Great Yarmouth,NORFOLK,2022-2023,40.7
121222,NA,NORFOLK,2022-2023,34
149197,Harleston,NORFOLK,2022-2023,43.7
138039,Norwich,NORFOLK,2022-2023,40.3
140188,Norwich,NORFOLK,2022-2023,54.2
142059,Norwich,NORFOLK,2022-2023,41.8
139311,Norwich,NORFOLK,2022-2023,49.1
139058,Thetford,NORFOLK,2022-2023,38.9
134440,Norfolk,NORFOLK,2022-2023,3.6
140815,Norwich,NORFOLK,2022-2023,48.3
148826,King's Lynn,NORFOLK,2022-2023,40.9
136202,King's Lynn,NORFOLK,2022-2023,36.2
121224,Norfolk,NORFOLK,2022-2023,42
146237,King's Lynn,NORFOLK,2022-2023,45.6
144018,Norwich,NORFOLK,2022-2023,46.9
137541,Great Yarmouth,NORFOLK,2022-2023,47.7
142396,Wisbech,NORFOLK,2022-2023,45.2
138918,Swaffham,NORFOLK,2022-2023,35.7
147505,North Walsham,NORFOLK,2022-2023,47.7
141268,Dereham,NORFOLK,2022-2023,42.6
121241,NA,NORFOLK,2022-2023,23
121242,Norwich,NORFOLK,2022-2023,12
137913,Norwich,NORFOLK,2022-2023,57.7
146144,Attleborough,NORFOLK,2022-2023,43.3
134455,Swaffham,NORFOLK,2022-2023,68.8
135650,Norwich,NORFOLK,2022-2023,35.3
136187,Gorleston,NORFOLK,2022-2023,43.6
136186,Norwich,NORFOLK,2022-2023,48
138829,Norwich,NORFOLK,2022-2023,43
121252,Cromer,NORFOLK,2022-2023,8.3
140557,King's Lynn,NORFOLK,2022-2023,42.1
142058,Norwich,NORFOLK,2022-2023,37.3
121246,Thetford,NORFOLK,2022-2023,1
137621,Sheringham,NORFOLK,2022-2023,44.5
143520,Hunstanton,NORFOLK,2022-2023,43.1
136515,King's Lynn,NORFOLK,2022-2023,44.1
144359,Norwich,NORFOLK,2022-2023,41.8
141395,Norwich,NORFOLK,2022-2023,42.9
139487,Norwich,NORFOLK,2022-2023,49.8
136204,Thetford,NORFOLK,2022-2023,42
121245,Thetford,NORFOLK,2022-2023,49.2
143278,Norwich,NORFOLK,2022-2023,52.4
141086,Norwich,NORFOLK,2022-2023,47.5
137949,Thetford,NORFOLK,2022-2023,44.7
138138,Terrington St Clement,NORFOLK,2022-2023,7.2
144769,Norwich,NORFOLK,2022-2023,14.9
136481,Wymondham,NORFOLK,2022-2023,53.9
137461,Wymondham,NORFOLK,2022-2023,52.3
141236,Leiston,SUFFOLK,2022-2023,35.9
137459,Lowestoft,SUFFOLK,2022-2023,0.7
142759,Lowestoft,SUFFOLK,2022-2023,43.2
124879,Halesworth,SUFFOLK,2022-2023,3.3
138250,Brandon,SUFFOLK,2022-2023,42.8
124893,Bury St Edmunds,SUFFOLK,2022-2023,1.8
136998,Bungay,SUFFOLK,2022-2023,45.1
136990,Bury St Edmunds,SUFFOLK,2022-2023,46.4
138162,Haverhill,SUFFOLK,2022-2023,43.8
124890,Ipswich,SUFFOLK,2022-2023,44.6
138373,Ipswich,SUFFOLK,2022-2023,34.6
139732,Haverhill,SUFFOLK,2022-2023,23.5
144214,Ipswich,SUFFOLK,2022-2023,45.6
136827,Ipswich,SUFFOLK,2022-2023,51
124886,Culford,SUFFOLK,2022-2023,32.3
136416,Stowmarket,SUFFOLK,2022-2023,55.6
137218,Colchester,SUFFOLK,2022-2023,44.9
137134,Lowestoft,SUFFOLK,2022-2023,44.9
136834,Woodbridge,SUFFOLK,2022-2023,48.1
124899,Felixstowe,SUFFOLK,2022-2023,22.2
137321,Felixstowe,SUFFOLK,2022-2023,39.1
124892,Stowmarket,SUFFOLK,2022-2023,43.4
124884,Woodbridge,SUFFOLK,2022-2023,6.7
136918,Ipswich,SUFFOLK,2022-2023,46.3
136271,Eye,SUFFOLK,2022-2023,52.5
137208,Ipswich,SUFFOLK,2022-2023,43.3
136453,Ipswich,SUFFOLK,2022-2023,34.7
124888,NA,SUFFOLK,2022-2023,44.5
124881,Ipswich,SUFFOLK,2022-2023,69.1
136969,Ipswich,SUFFOLK,2022-2023,47.9
124856,Bury St Edmunds,SUFFOLK,2022-2023,45.3
139867,Mildenhall,SUFFOLK,2022-2023,42
146332,Ipswich,SUFFOLK,2022-2023,8.3
140669,Newmarket,SUFFOLK,2022-2023,40.9
124840,Ipswich,SUFFOLK,2022-2023,49.6
127003,Mildenhall,SUFFOLK,2022-2023,6.9
134480,Colchester,SUFFOLK,2022-2023,59
139403,Lowestoft,SUFFOLK,2022-2023,36.2
137674,Ipswich,SUFFOLK,2022-2023,35.6
138506,Sudbury,SUFFOLK,2022-2023,35.8
146909,Lowestoft,SUFFOLK,2022-2023,36.1
137433,Bury St Edmunds,SUFFOLK,2022-2023,0.2
124889,Ipswich,SUFFOLK,2022-2023,55.1
137849,Ipswich,SUFFOLK,2022-2023,47.7
149285,Bury St Edmunds,SUFFOLK,2022-2023,53.2
124868,Southwold,SUFFOLK,2022-2023,41.9
124883,Ipswich,SUFFOLK,2022-2023,52.2
136322,Haverhill,SUFFOLK,2022-2023,44.6
138274,Beccles,SUFFOLK,2022-2023,28.4
140047,Ixworth,SUFFOLK,2022-2023,40.5
138273,Saxmundham,SUFFOLK,2022-2023,30.1
147849,Ipswich,SUFFOLK,2022-2023,0.3
137055,Beccles,SUFFOLK,2022-2023,48
124865,Sudbury,SUFFOLK,2022-2023,31.1
140032,Ipswich,SUFFOLK,2022-2023,36.7
136757,Sudbury,SUFFOLK,2022-2023,47.6
145055,Stowmarket,SUFFOLK,2022-2023,43
143362,Stowmarket,SUFFOLK,2022-2023,40
137901,Eye,SUFFOLK,2022-2023,51.8
124870,Leiston,SUFFOLK,2022-2023,12.4
149151,Lowestoft,SUFFOLK,2022-2023,2
140969,Bury St. Edmunds,SUFFOLK,2022-2023,42.5
141639,Sudbury,SUFFOLK,2022-2023,50.3
136782,Woodbridge,SUFFOLK,2022-2023,48.2
124802,Bury St Edmunds,SUFFOLK,2022-2023,45.8
139288,Ipswich,SUFFOLK,2022-2023,40
124887,Woodbridge,SUFFOLK,2022-2023,39.7
138758,Norwich,NORFOLK,2023-2024,44.2
135066,Norwich,NORFOLK,2023-2024,19.5
145089,Wells-next-the-Sea,NORFOLK,2023-2024,42
121250,Norwich,NORFOLK,2023-2024,18.4
140534,Attleborough,NORFOLK,2023-2024,46.2
121229,NA,NORFOLK,2023-2024,3.8
121164,Norwich,NORFOLK,2023-2024,49
146063,Norwich,NORFOLK,2023-2024,51.9
141331,Great Yarmouth,NORFOLK,2023-2024,47.3
135904,Norwich,NORFOLK,2023-2024,32.2
141269,Norwich,NORFOLK,2023-2024,48.6
140364,Great Yarmouth,NORFOLK,2023-2024,34.5
137431,Cromer,NORFOLK,2023-2024,47
144316,Dereham,NORFOLK,2023-2024,42.4
137092,Diss,NORFOLK,2023-2024,44.3
145196,Downham Market,NORFOLK,2023-2024,43.3
148859,Fakenham,NORFOLK,2023-2024,7.5
139572,Fakenham,NORFOLK,2023-2024,38.4
145501,Great Yarmouth,NORFOLK,2023-2024,39.6
145776,Norwich,NORFOLK,2023-2024,51.6
135859,Norwich,NORFOLK,2023-2024,1.2
142883,Great Yarmouth,NORFOLK,2023-2024,41.7
121222,NA,NORFOLK,2023-2024,33.3
149197,Harleston,NORFOLK,2023-2024,47.3
138039,Norwich,NORFOLK,2023-2024,39.5
140188,Norwich,NORFOLK,2023-2024,58.2
142059,Norwich,NORFOLK,2023-2024,46.8
139311,Norwich,NORFOLK,2023-2024,46.1
139058,Thetford,NORFOLK,2023-2024,34.7
134440,Norfolk,NORFOLK,2023-2024,3.6
140815,Norwich,NORFOLK,2023-2024,49
148826,King's Lynn,NORFOLK,2023-2024,39.5
136202,King's Lynn,NORFOLK,2023-2024,38.9
121224,Norfolk,NORFOLK,2023-2024,47.5
146237,King's Lynn,NORFOLK,2023-2024,43.2
144018,Norwich,NORFOLK,2023-2024,50.2
137541,Great Yarmouth,NORFOLK,2023-2024,45.9
142396,Wisbech,NORFOLK,2023-2024,41.8
138918,Swaffham,NORFOLK,2023-2024,35.5
147505,North Walsham,NORFOLK,2023-2024,48.4
141268,Dereham,NORFOLK,2023-2024,38.9
121241,NA,NORFOLK,2023-2024,36.4
121242,Norwich,NORFOLK,2023-2024,13.2
137913,Norwich,NORFOLK,2023-2024,57.5
146144,Attleborough,NORFOLK,2023-2024,44.3
134455,Swaffham,NORFOLK,2023-2024,59
135650,Norwich,NORFOLK,2023-2024,34.9
136187,Gorleston,NORFOLK,2023-2024,47.6
136186,Norwich,NORFOLK,2023-2024,44.5
135250,Norwich,NORFOLK,2023-2024,16
138829,Norwich,NORFOLK,2023-2024,45
140557,King's Lynn,NORFOLK,2023-2024,41.2
142058,Norwich,NORFOLK,2023-2024,38
121246,Thetford,NORFOLK,2023-2024,4.7
137621,Sheringham,NORFOLK,2023-2024,44.2
143520,Hunstanton,NORFOLK,2023-2024,39.9
136515,King's Lynn,NORFOLK,2023-2024,46.7
144359,Norwich,NORFOLK,2023-2024,41.7
141395,Norwich,NORFOLK,2023-2024,43.7
139487,Norwich,NORFOLK,2023-2024,47.9
136204,Thetford,NORFOLK,2023-2024,38.9
121245,Thetford,NORFOLK,2023-2024,35.4
143278,Norwich,NORFOLK,2023-2024,49.4
141086,Norwich,NORFOLK,2023-2024,47.1
137949,Thetford,NORFOLK,2023-2024,45.3
138138,Terrington St Clement,NORFOLK,2023-2024,8
144769,Norwich,NORFOLK,2023-2024,42.7
136481,Wymondham,NORFOLK,2023-2024,55.5
137461,Wymondham,NORFOLK,2023-2024,54.4
141236,Leiston,SUFFOLK,2023-2024,40.6
137459,Lowestoft,SUFFOLK,2023-2024,0.8
138274,Beccles,SUFFOLK,2023-2024,30.9
142759,Lowestoft,SUFFOLK,2023-2024,46.4
124879,Halesworth,SUFFOLK,2023-2024,9.4
138250,Brandon,SUFFOLK,2023-2024,38
124893,Bury St Edmunds,SUFFOLK,2023-2024,4.8
136998,Bungay,SUFFOLK,2023-2024,46
136990,Bury St Edmunds,SUFFOLK,2023-2024,46.2
148541,Bungay,SUFFOLK,2023-2024,19.1
138162,Haverhill,SUFFOLK,2023-2024,41.1
124890,Ipswich,SUFFOLK,2023-2024,7.6
138373,Ipswich,SUFFOLK,2023-2024,35.5
139732,Haverhill,SUFFOLK,2023-2024,25.9
144214,Ipswich,SUFFOLK,2023-2024,44.1
136827,Ipswich,SUFFOLK,2023-2024,49.2
124886,Culford,SUFFOLK,2023-2024,28.2
136416,Stowmarket,SUFFOLK,2023-2024,55.4
137218,Colchester,SUFFOLK,2023-2024,47.4
137134,Lowestoft,SUFFOLK,2023-2024,41.6
136834,Woodbridge,SUFFOLK,2023-2024,45.5
137321,Felixstowe,SUFFOLK,2023-2024,35.8
124892,Stowmarket,SUFFOLK,2023-2024,37
124884,Woodbridge,SUFFOLK,2023-2024,47.2
136918,Ipswich,SUFFOLK,2023-2024,44.6
136271,Eye,SUFFOLK,2023-2024,51.5
137208,Ipswich,SUFFOLK,2023-2024,38.4
136453,Ipswich,SUFFOLK,2023-2024,35.7
124888,NA,SUFFOLK,2023-2024,40.6
124881,Ipswich,SUFFOLK,2023-2024,70.5
140047,Ixworth,SUFFOLK,2023-2024,36.4
136969,Ipswich,SUFFOLK,2023-2024,50.6
124856,Bury St Edmunds,SUFFOLK,2023-2024,42.9
139867,Mildenhall,SUFFOLK,2023-2024,39.8
146332,Ipswich,SUFFOLK,2023-2024,6.2
140669,Newmarket,SUFFOLK,2023-2024,42.5
124840,Ipswich,SUFFOLK,2023-2024,51.2
127003,Mildenhall,SUFFOLK,2023-2024,6.2
134480,Colchester,SUFFOLK,2023-2024,51.8
139403,Lowestoft,SUFFOLK,2023-2024,35.7
137674,Ipswich,SUFFOLK,2023-2024,38.9
138506,Sudbury,SUFFOLK,2023-2024,41.3
146909,Lowestoft,SUFFOLK,2023-2024,39.1
137433,Bury St Edmunds,SUFFOLK,2023-2024,0.9
124889,Ipswich,SUFFOLK,2023-2024,60.5
137849,Ipswich,SUFFOLK,2023-2024,48.9
149285,Bury St Edmunds,SUFFOLK,2023-2024,51.1
124868,Southwold,SUFFOLK,2023-2024,42.6
124883,Ipswich,SUFFOLK,2023-2024,46
136322,Haverhill,SUFFOLK,2023-2024,43.2
138273,Saxmundham,SUFFOLK,2023-2024,32
147849,Ipswich,SUFFOLK,2023-2024,1.6
137055,Beccles,SUFFOLK,2023-2024,46.1
124865,Sudbury,SUFFOLK,2023-2024,35.8
140032,Ipswich,SUFFOLK,2023-2024,32.7
136757,Sudbury,SUFFOLK,2023-2024,47.4
145055,Stowmarket,SUFFOLK,2023-2024,45.4
143362,Stowmarket,SUFFOLK,2023-2024,43.4
137901,Eye,SUFFOLK,2023-2024,45.9
149151,Lowestoft,SUFFOLK,2023-2024,0.8
140969,Bury St. Edmunds,SUFFOLK,2023-2024,47.5
141639,Sudbury,SUFFOLK,2023-2024,48.4
136782,Woodbridge,SUFFOLK,2023-2024,48.8
124802,Bury St Edmunds,SUFFOLK,2023-2024,44.4
139288,Ipswich,SUFFOLK,2023-2024,41.6
148058,Suffolk,SUFFOLK,2023-2024,13.4
124887,Woodbridge,SUFFOLK,2023-2024,40.1
138758,Norwich,NORFOLK,2024-2025,46.9
135066,Norwich,NORFOLK,2024-2025,18.9
145089,Wells-next-the-Sea,NORFOLK,2024-2025,45.4
121250,Norwich,NORFOLK,2024-2025,21.1
140534,Attleborough,NORFOLK,2024-2025,41.4
121229,NA,NORFOLK,2024-2025,6.5
121164,Norwich,NORFOLK,2024-2025,45
146063,Norwich,NORFOLK,2024-2025,46.8
141331,Great Yarmouth,NORFOLK,2024-2025,49.4
135904,Norwich,NORFOLK,2024-2025,35.2
141269,Norwich,NORFOLK,2024-2025,50.4
140364,Great Yarmouth,NORFOLK,2024-2025,35.9
137431,Cromer,NORFOLK,2024-2025,48.1
144316,Dereham,NORFOLK,2024-2025,47.4
137092,Diss,NORFOLK,2024-2025,46.6
145196,Downham Market,NORFOLK,2024-2025,43.8
148859,Fakenham,NORFOLK,2024-2025,7.1
139572,Fakenham,NORFOLK,2024-2025,40.9
150265,King's Lynn,NORFOLK,2024-2025,9.5
145501,Great Yarmouth,NORFOLK,2024-2025,42
145776,Norwich,NORFOLK,2024-2025,50.6
135859,Norwich,NORFOLK,2024-2025,0.8
142883,Great Yarmouth,NORFOLK,2024-2025,38.6
121222,NA,NORFOLK,2024-2025,41.6
149197,Harleston,NORFOLK,2024-2025,42.7
138039,Norwich,NORFOLK,2024-2025,40.3
140188,Norwich,NORFOLK,2024-2025,59
142059,Norwich,NORFOLK,2024-2025,46.5
139311,Norwich,NORFOLK,2024-2025,46.1
139058,Thetford,NORFOLK,2024-2025,39
134440,Norfolk,NORFOLK,2024-2025,2.8
140815,Norwich,NORFOLK,2024-2025,53.7
148826,King's Lynn,NORFOLK,2024-2025,44.4
136202,King's Lynn,NORFOLK,2024-2025,39.1
121224,Norfolk,NORFOLK,2024-2025,38.2
146237,King's Lynn,NORFOLK,2024-2025,41.4
144018,Norwich,NORFOLK,2024-2025,50.8
137541,Great Yarmouth,NORFOLK,2024-2025,44.2
142396,Wisbech,NORFOLK,2024-2025,45.5
138918,Swaffham,NORFOLK,2024-2025,38.4
147505,North Walsham,NORFOLK,2024-2025,45.8
141268,Dereham,NORFOLK,2024-2025,41
121241,NA,NORFOLK,2024-2025,36.7
121242,Norwich,NORFOLK,2024-2025,12.1
137913,Norwich,NORFOLK,2024-2025,61.3
146144,Attleborough,NORFOLK,2024-2025,37.8
134455,Swaffham,NORFOLK,2024-2025,50.1
135650,Norwich,NORFOLK,2024-2025,36.7
136187,Gorleston,NORFOLK,2024-2025,47.3
136186,Norwich,NORFOLK,2024-2025,45.3
135250,Norwich,NORFOLK,2024-2025,16.5
138829,Norwich,NORFOLK,2024-2025,45.5
121252,Cromer,NORFOLK,2024-2025,5.4
140557,King's Lynn,NORFOLK,2024-2025,45.3
142058,Norwich,NORFOLK,2024-2025,39.1
121246,Thetford,NORFOLK,2024-2025,5.6
137621,Sheringham,NORFOLK,2024-2025,47.1
143520,Hunstanton,NORFOLK,2024-2025,40.3
136515,King's Lynn,NORFOLK,2024-2025,46.9
144359,Norwich,NORFOLK,2024-2025,45
141395,Norwich,NORFOLK,2024-2025,39.5
139487,Norwich,NORFOLK,2024-2025,49
136204,Thetford,NORFOLK,2024-2025,42.4
121245,Thetford,NORFOLK,2024-2025,35.4
143278,Norwich,NORFOLK,2024-2025,49.2
141086,Norwich,NORFOLK,2024-2025,49.8
137949,Thetford,NORFOLK,2024-2025,52
138138,Terrington St Clement,NORFOLK,2024-2025,7.7
144769,Norwich,NORFOLK,2024-2025,26.1
136481,Wymondham,NORFOLK,2024-2025,56.4
137461,Wymondham,NORFOLK,2024-2025,52.6
141236,Leiston,SUFFOLK,2024-2025,33.7
137459,Lowestoft,SUFFOLK,2024-2025,0.6
138274,Beccles,SUFFOLK,2024-2025,27.6
142759,Lowestoft,SUFFOLK,2024-2025,44.9
124879,Halesworth,SUFFOLK,2024-2025,3.3
138250,Brandon,SUFFOLK,2024-2025,42.4
136998,Bungay,SUFFOLK,2024-2025,41.7
136990,Bury St Edmunds,SUFFOLK,2024-2025,49.8
148541,Bungay,SUFFOLK,2024-2025,9
138162,Haverhill,SUFFOLK,2024-2025,40.3
124890,Ipswich,SUFFOLK,2024-2025,10.7
138373,Ipswich,SUFFOLK,2024-2025,33.9
139732,Haverhill,SUFFOLK,2024-2025,34.1
144214,Ipswich,SUFFOLK,2024-2025,45
136827,Ipswich,SUFFOLK,2024-2025,46.9
124886,Culford,SUFFOLK,2024-2025,31.3
136416,Stowmarket,SUFFOLK,2024-2025,55.7
137218,Colchester,SUFFOLK,2024-2025,47.8
137134,Lowestoft,SUFFOLK,2024-2025,39.5
136834,Woodbridge,SUFFOLK,2024-2025,43.8
137321,Felixstowe,SUFFOLK,2024-2025,38.5
124892,Stowmarket,SUFFOLK,2024-2025,37.5
124884,Woodbridge,SUFFOLK,2024-2025,43.5
136918,Ipswich,SUFFOLK,2024-2025,43.6
136271,Eye,SUFFOLK,2024-2025,53
137208,Ipswich,SUFFOLK,2024-2025,41.2
136453,Ipswich,SUFFOLK,2024-2025,37.6
124888,NA,SUFFOLK,2024-2025,48.6
124881,Ipswich,SUFFOLK,2024-2025,68.1
140047,Ixworth,SUFFOLK,2024-2025,44
136969,Ipswich,SUFFOLK,2024-2025,49.7
124856,Bury St Edmunds,SUFFOLK,2024-2025,45.4
135689,Ipswich,SUFFOLK,2024-2025,41.1
139867,Mildenhall,SUFFOLK,2024-2025,37.4
146332,Ipswich,SUFFOLK,2024-2025,10.9
140669,Newmarket,SUFFOLK,2024-2025,45.9
124840,Ipswich,SUFFOLK,2024-2025,50.6
127003,Mildenhall,SUFFOLK,2024-2025,3.7
134480,Colchester,SUFFOLK,2024-2025,58.2
139403,Lowestoft,SUFFOLK,2024-2025,40.5
137674,Ipswich,SUFFOLK,2024-2025,42.8
138506,Sudbury,SUFFOLK,2024-2025,39.6
146909,Lowestoft,SUFFOLK,2024-2025,38.4
137433,Bury St Edmunds,SUFFOLK,2024-2025,0.1
124889,Ipswich,SUFFOLK,2024-2025,50.9
143911,Sudbury,SUFFOLK,2024-2025,3.8
137849,Ipswich,SUFFOLK,2024-2025,46.9
149285,Bury St Edmunds,SUFFOLK,2024-2025,49.8
124868,Southwold,SUFFOLK,2024-2025,41.1
124883,Ipswich,SUFFOLK,2024-2025,54.7
136322,Haverhill,SUFFOLK,2024-2025,43.8
147849,Ipswich,SUFFOLK,2024-2025,2
137055,Beccles,SUFFOLK,2024-2025,44.8
149108,Bury St. Edmunds,SUFFOLK,2024-2025,1
124865,Sudbury,SUFFOLK,2024-2025,36.2
140032,Ipswich,SUFFOLK,2024-2025,34.3
141407,Ipswich,SUFFOLK,2024-2025,0.4
136757,Sudbury,SUFFOLK,2024-2025,44.5
145055,Stowmarket,SUFFOLK,2024-2025,40.5
151384,Stowmarket,SUFFOLK,2024-2025,41.1
137901,Eye,SUFFOLK,2024-2025,44.3
149151,Lowestoft,SUFFOLK,2024-2025,2.5
140969,Bury St. Edmunds,SUFFOLK,2024-2025,49.5
141639,Sudbury,SUFFOLK,2024-2025,46.1
136782,Woodbridge,SUFFOLK,2024-2025,48.4
124802,Bury St Edmunds,SUFFOLK,2024-2025,46.9
139288,Ipswich,SUFFOLK,2024-2025,39.7
148058,Suffolk,SUFFOLK,2024-2025,12.6
149072,Ipswich,SUFFOLK,2024-2025,12.8
124887,Woodbridge,SUFFOLK,2024-2025,40.4
